game_date,team,score,season,season_type
2000-01-04,SAS,88,2000,0
2000-01-05,SAS,96,2000,0
2000-01-07,SAS,102,2000,0
2000-01-08,SAS,127,2000,0
2000-01-10,SAS,93,2000,0
2000-01-13,SAS,103,2000,0
2000-01-14,SAS,85,2000,0
2000-01-17,SAS,99,2000,0
2000-01-19,SAS,95,2000,0
2000-01-22,SAS,96,2000,0
2000-01-25,SAS,105,2000,0
2000-01-27,SAS,92,2000,0
2000-01-29,SAS,67,2000,0
2000-02-01,SAS,105,2000,0
2000-02-03,SAS,112,2000,0
2000-02-06,SAS,90,2000,0
2000-02-08,SAS,79,2000,0
2000-02-09,SAS,106,2000,0
2000-02-15,SAS,81,2000,0
2000-02-18,SAS,116,2000,0
2000-02-20,SAS,113,2000,0
2000-02-21,SAS,89,2000,0
2000-02-24,SAS,72,2000,0
2000-02-25,SAS,91,2000,0
2000-02-27,SAS,98,2000,0
2000-02-29,SAS,93,2000,0
2000-03-02,SAS,102,2000,0
2000-03-04,SAS,103,2000,0
2000-03-06,SAS,106,2000,0
2000-03-09,SAS,105,2000,0
2000-03-10,SAS,106,2000,0
2000-03-12,SAS,80,2000,0
2000-03-14,SAS,94,2000,0
2000-03-16,SAS,88,2000,0
2000-03-18,SAS,102,2000,0
2000-03-21,SAS,96,2000,0
2000-03-22,SAS,103,2000,0
2000-03-25,SAS,96,2000,0
2000-03-27,SAS,90,2000,0
2000-03-28,SAS,89,2000,0
2000-03-30,SAS,102,2000,0
2000-04-02,SAS,84,2000,0
2000-04-04,SAS,97,2000,0
2000-04-05,SAS,98,2000,0
2000-04-08,SAS,98,2000,0
2000-04-09,SAS,107,2000,0
2000-04-11,SAS,98,2000,0
2000-04-13,SAS,77,2000,0
2000-04-15,SAS,106,2000,0
2000-04-17,SAS,100,2000,0
2000-04-19,SAS,103,2000,0
2000-10-31,SAS,98,2001,0
2000-11-02,SAS,103,2001,0
2000-11-04,SAS,117,2001,0
2000-11-07,SAS,81,2001,0
2000-11-08,SAS,91,2001,0
2000-11-10,SAS,77,2001,0
2000-11-11,SAS,91,2001,0
2000-11-14,SAS,86,2001,0
2000-11-16,SAS,99,2001,0
2000-11-17,SAS,94,2001,0
2000-11-22,SAS,112,2001,0
2000-11-24,SAS,92,2001,0
2000-11-25,SAS,96,2001,0
2000-11-29,SAS,82,2001,0
2000-12-01,SAS,100,2001,0
2000-12-03,SAS,97,2001,0
2000-12-05,SAS,75,2001,0
2000-12-07,SAS,83,2001,0
2000-12-09,SAS,105,2001,0
2000-12-11,SAS,91,2001,0
2000-12-13,SAS,93,2001,0
2000-12-14,SAS,96,2001,0
2000-12-16,SAS,90,2001,0
2000-12-19,SAS,86,2001,0
2000-12-20,SAS,94,2001,0
2000-12-22,SAS,105,2001,0
2000-12-23,SAS,84,2001,0
2000-12-26,SAS,103,2001,0
2000-12-28,SAS,104,2001,0
2000-12-30,SAS,89,2001,0
2001-01-02,SAS,80,2001,0
2001-01-06,SAS,108,2001,0
2001-01-09,SAS,112,2001,0
2001-01-12,SAS,111,2001,0
2001-01-13,SAS,83,2001,0
2001-01-15,SAS,82,2001,0
2001-01-17,SAS,91,2001,0
2001-01-20,SAS,109,2001,0
2001-01-23,SAS,110,2001,0
2001-01-25,SAS,97,2001,0
2001-01-27,SAS,99,2001,0
2001-01-29,SAS,96,2001,0
2001-01-31,SAS,92,2001,0
2001-02-03,SAS,90,2001,0
2001-02-05,SAS,109,2001,0
2001-02-07,SAS,107,2001,0
2001-02-08,SAS,97,2001,0
2001-02-13,SAS,104,2001,0
2001-02-15,SAS,102,2001,0
2001-02-16,SAS,91,2001,0
2001-02-18,SAS,92,2001,0
2001-02-19,SAS,98,2001,0
2001-02-21,SAS,99,2001,0
2001-02-23,SAS,100,2001,0
2001-02-24,SAS,107,2001,0
2001-02-27,SAS,87,2001,0
2001-03-01,SAS,91,2001,0
2001-03-03,SAS,124,2001,0
2001-03-05,SAS,91,2001,0
2001-03-06,SAS,101,2001,0
2001-03-08,SAS,93,2001,0
2001-03-09,SAS,93,2001,0
2001-03-12,SAS,99,2001,0
2001-03-14,SAS,106,2001,0
2001-03-16,SAS,95,2001,0
2001-03-17,SAS,99,2001,0
2001-03-19,SAS,98,2001,0
2001-03-21,SAS,97,2001,0
2001-03-22,SAS,115,2001,0
2001-03-25,SAS,83,2001,0
2001-03-27,SAS,93,2001,0
2001-03-29,SAS,106,2001,0
2001-03-31,SAS,77,2001,0
2001-04-03,SAS,107,2001,0
2001-04-05,SAS,101,2001,0
2001-04-07,SAS,93,2001,0
2001-04-08,SAS,84,2001,0
2001-04-10,SAS,91,2001,0
2001-04-12,SAS,105,2001,0
2001-04-14,SAS,111,2001,0
2001-04-17,SAS,99,2001,0
2001-04-18,SAS,67,2001,0
2001-04-21,SAS,87,2001,1
2001-04-23,SAS,86,2001,1
2001-04-28,SAS,84,2001,1
2001-04-30,SAS,97,2001,1
2001-05-05,SAS,94,2001,1
2001-05-07,SAS,100,2001,1
2001-05-09,SAS,104,2001,1
2001-05-12,SAS,108,2001,1
2001-05-14,SAS,105,2001,1
2001-05-19,SAS,90,2001,1
2001-05-21,SAS,81,2001,1
2001-05-25,SAS,72,2001,1
2001-05-27,SAS,82,2001,1
2001-10-30,SAS,109,2002,0
2001-11-01,SAS,108,2002,0
2001-11-03,SAS,106,2002,0
2001-11-04,SAS,83,2002,0
2001-11-06,SAS,104,2002,0
2001-11-08,SAS,105,2002,0
2001-11-10,SAS,110,2002,0
2001-11-13,SAS,90,2002,0
2001-11-16,SAS,105,2002,0
2001-11-21,SAS,110,2002,0
2001-11-23,SAS,97,2002,0
2001-11-24,SAS,94,2002,0
2001-11-28,SAS,94,2002,0
2001-11-30,SAS,106,2002,0
2001-12-01,SAS,85,2002,0
2001-12-04,SAS,103,2002,0
2001-12-05,SAS,120,2002,0
2001-12-07,SAS,86,2002,0
2001-12-12,SAS,108,2002,0
2001-12-14,SAS,105,2002,0
2001-12-15,SAS,100,2002,0
2001-12-18,SAS,102,2002,0
2001-12-19,SAS,97,2002,0
2001-12-21,SAS,109,2002,0
2001-12-23,SAS,91,2002,0
2001-12-26,SAS,123,2002,0
2001-12-29,SAS,99,2002,0
2001-12-30,SAS,83,2002,0
2002-01-02,SAS,97,2002,0
2002-01-04,SAS,82,2002,0
2002-01-05,SAS,105,2002,0
2002-01-07,SAS,90,2002,0
2002-01-09,SAS,93,2002,0
2002-01-11,SAS,84,2002,0
2002-01-14,SAS,97,2002,0
2002-01-15,SAS,96,2002,0
2002-01-17,SAS,102,2002,0
2002-01-19,SAS,81,2002,0
2002-01-22,SAS,86,2002,0
2002-01-23,SAS,98,2002,0
2002-01-25,SAS,91,2002,0
2002-01-26,SAS,90,2002,0
2002-01-29,SAS,73,2002,0
2002-01-31,SAS,87,2002,0
2002-02-01,SAS,83,2002,0
2002-02-03,SAS,105,2002,0
2002-02-04,SAS,113,2002,0
2002-02-07,SAS,74,2002,0
2002-02-12,SAS,86,2002,0
2002-02-14,SAS,89,2002,0
2002-02-15,SAS,108,2002,0
2002-02-19,SAS,99,2002,0
2002-02-21,SAS,115,2002,0
2002-02-23,SAS,88,2002,0
2002-02-24,SAS,83,2002,0
2002-02-26,SAS,99,2002,0
2002-02-28,SAS,107,2002,0
2002-03-01,SAS,85,2002,0
2002-03-03,SAS,99,2002,0
2002-03-05,SAS,109,2002,0
2002-03-07,SAS,99,2002,0
2002-03-09,SAS,100,2002,0
2002-03-11,SAS,93,2002,0
2002-03-12,SAS,98,2002,0
2002-03-14,SAS,91,2002,0
2002-03-16,SAS,111,2002,0
2002-03-20,SAS,108,2002,0
2002-03-21,SAS,105,2002,0
2002-03-23,SAS,89,2002,0
2002-03-25,SAS,91,2002,0
2002-03-27,SAS,93,2002,0
2002-03-29,SAS,76,2002,0
2002-03-31,SAS,95,2002,0
2002-04-03,SAS,90,2002,0
2002-04-04,SAS,102,2002,0
2002-04-06,SAS,89,2002,0
2002-04-08,SAS,99,2002,0
2002-04-10,SAS,87,2002,0
2002-04-12,SAS,96,2002,0
2002-04-13,SAS,113,2002,0
2002-04-16,SAS,95,2002,0
2002-04-17,SAS,86,2002,0
2002-10-29,SAS,87,2003,0
2002-10-30,SAS,98,2003,0
2002-11-01,SAS,91,2003,0
2002-11-04,SAS,103,2003,0
2002-11-05,SAS,93,2003,0
2002-11-09,SAS,76,2003,0
2002-11-11,SAS,91,2003,0
2002-11-13,SAS,82,2003,0
2002-11-14,SAS,94,2003,0
2002-11-16,SAS,90,2003,0
2002-11-18,SAS,104,2003,0
2002-11-20,SAS,95,2003,0
2002-11-22,SAS,95,2003,0
2002-11-24,SAS,90,2003,0
2002-11-26,SAS,81,2003,0
2002-11-27,SAS,99,2003,0
2002-11-29,SAS,87,2003,0
2002-11-30,SAS,107,2003,0
2002-12-03,SAS,75,2003,0
2002-12-06,SAS,98,2003,0
2002-12-08,SAS,80,2003,0
2002-12-11,SAS,111,2003,0
2002-12-13,SAS,97,2003,0
2002-12-16,SAS,79,2003,0
2002-12-18,SAS,91,2003,0
2002-12-19,SAS,83,2003,0
2002-12-21,SAS,92,2003,0
2002-12-23,SAS,99,2003,0
2002-12-27,SAS,79,2003,0
2002-12-28,SAS,109,2003,0
2002-12-30,SAS,95,2003,0
2002-12-31,SAS,103,2003,0
2003-01-03,SAS,98,2003,0
2003-01-05,SAS,94,2003,0
2003-01-08,SAS,106,2003,0
2003-01-09,SAS,87,2003,0
2003-01-12,SAS,81,2003,0
2003-01-14,SAS,108,2003,0
2003-01-17,SAS,106,2003,0
2003-01-20,SAS,87,2003,0
2003-01-22,SAS,93,2003,0
2003-01-24,SAS,91,2003,0
2003-01-25,SAS,108,2003,0
2003-01-27,SAS,95,2003,0
2003-01-29,SAS,106,2003,0
2003-01-31,SAS,109,2003,0
2003-02-01,SAS,67,2003,0
2003-02-05,SAS,103,2003,0
2003-02-06,SAS,83,2003,0
2003-02-11,SAS,116,2003,0
2003-02-14,SAS,103,2003,0
2003-02-16,SAS,104,2003,0
2003-02-18,SAS,101,2003,0
2003-02-20,SAS,87,2003,0
2003-02-22,SAS,105,2003,0
2003-02-25,SAS,84,2003,0
2003-03-01,SAS,108,2003,0
2003-03-02,SAS,97,2003,0
2003-03-04,SAS,97,2003,0
2003-03-06,SAS,92,2003,0
2003-03-09,SAS,94,2003,0
2003-03-11,SAS,105,2003,0
2003-03-12,SAS,111,2003,0
2003-03-14,SAS,107,2003,0
2003-03-16,SAS,108,2003,0
2003-03-18,SAS,97,2003,0
2003-03-20,SAS,112,2003,0
2003-03-21,SAS,94,2003,0
2003-03-23,SAS,98,2003,0
2003-03-25,SAS,107,2003,0
2003-03-27,SAS,98,2003,0
2003-03-29,SAS,101,2003,0
2003-03-30,SAS,92,2003,0
2003-04-01,SAS,118,2003,0
2003-04-02,SAS,105,2003,0
2003-04-04,SAS,124,2003,0
2003-04-06,SAS,89,2003,0
2003-04-09,SAS,84,2003,0
2003-04-11,SAS,94,2003,0
2003-04-13,SAS,85,2003,0
2003-04-14,SAS,91,2003,0
2003-04-16,SAS,72,2003,0
2003-04-19,SAS,95,2003,1
2003-04-21,SAS,84,2003,1
2003-04-25,SAS,99,2003,1
2003-04-27,SAS,84,2003,1
2003-04-29,SAS,94,2003,1
2003-05-01,SAS,87,2003,1
2003-05-05,SAS,87,2003,1
2003-05-07,SAS,114,2003,1
2003-05-09,SAS,95,2003,1
2003-05-11,SAS,95,2003,1
2003-05-13,SAS,96,2003,1
2003-05-15,SAS,110,2003,1
2003-05-19,SAS,110,2003,1
2003-05-21,SAS,119,2003,1
2003-05-23,SAS,96,2003,1
2003-05-25,SAS,102,2003,1
2003-05-27,SAS,91,2003,1
2003-05-29,SAS,90,2003,1
2003-06-04,SAS,101,2003,1
2003-06-06,SAS,85,2003,1
2003-06-08,SAS,84,2003,1
2003-06-11,SAS,76,2003,1
2003-06-13,SAS,93,2003,1
2003-06-15,SAS,88,2003,1
2003-10-28,SAS,83,2004,0
2003-10-29,SAS,72,2004,0
2003-11-01,SAS,86,2004,0
2003-11-03,SAS,80,2004,0
2003-11-04,SAS,80,2004,0
2003-11-06,SAS,117,2004,0
2003-11-08,SAS,78,2004,0
2003-11-10,SAS,87,2004,0
2003-11-12,SAS,85,2004,0
2003-11-14,SAS,96,2004,0
2003-11-15,SAS,95,2004,0
2003-11-18,SAS,94,2004,0
2003-11-20,SAS,92,2004,0
2003-11-21,SAS,114,2004,0
2003-11-26,SAS,109,2004,0
2003-11-28,SAS,87,2004,0
2003-11-29,SAS,89,2004,0
2003-12-01,SAS,83,2004,0
2003-12-03,SAS,86,2004,0
2003-12-05,SAS,105,2004,0
2003-12-06,SAS,86,2004,0
2003-12-08,SAS,96,2004,0
2003-12-10,SAS,102,2004,0
2003-12-11,SAS,71,2004,0
2003-12-13,SAS,86,2004,0
2003-12-15,SAS,78,2004,0
2003-12-17,SAS,73,2004,0
2003-12-19,SAS,87,2004,0
2003-12-20,SAS,101,2004,0
2003-12-23,SAS,111,2004,0
2003-12-26,SAS,98,2004,0
2003-12-28,SAS,89,2004,0
2004-01-03,SAS,77,2004,0
2004-01-05,SAS,98,2004,0
2004-01-06,SAS,94,2004,0
2004-01-09,SAS,94,2004,0
2004-01-10,SAS,89,2004,0
2004-01-13,SAS,77,2004,0
2004-01-14,SAS,93,2004,0
2004-01-16,SAS,79,2004,0
2004-01-18,SAS,109,2004,0
2004-01-19,SAS,77,2004,0
2004-01-21,SAS,99,2004,0
2004-01-23,SAS,86,2004,0
2004-01-24,SAS,96,2004,0
2004-01-26,SAS,92,2004,0
2004-01-27,SAS,77,2004,0
2004-01-29,SAS,91,2004,0
2004-01-31,SAS,85,2004,0
2004-02-02,SAS,83,2004,0
2004-02-05,SAS,96,2004,0
2004-02-06,SAS,102,2004,0
2004-02-09,SAS,85,2004,0
2004-02-18,SAS,86,2004,0
2004-02-20,SAS,87,2004,0
2004-02-22,SAS,94,2004,0
2004-02-24,SAS,86,2004,0
2004-02-26,SAS,91,2004,0
2004-02-28,SAS,117,2004,0
2004-03-01,SAS,80,2004,0
2004-03-03,SAS,88,2004,0
2004-03-05,SAS,113,2004,0
2004-03-06,SAS,107,2004,0
2004-03-09,SAS,88,2004,0
2004-03-10,SAS,108,2004,0
2004-03-12,SAS,99,2004,0
2004-03-14,SAS,87,2004,0
2004-03-15,SAS,80,2004,0
2004-03-18,SAS,106,2004,0
2004-03-20,SAS,103,2004,0
2004-03-23,SAS,81,2004,0
2004-03-25,SAS,84,2004,0
2004-03-27,SAS,105,2004,0
2004-03-29,SAS,101,2004,0
2004-03-31,SAS,107,2004,0
2004-04-02,SAS,94,2004,0
2004-04-04,SAS,95,2004,0
2004-04-07,SAS,96,2004,0
2004-04-09,SAS,84,2004,0
2004-04-11,SAS,88,2004,0
2004-04-12,SAS,78,2004,0
2004-04-14,SAS,93,2004,0
2004-04-17,SAS,98,2004,1
2004-04-19,SAS,87,2004,1
2004-04-22,SAS,95,2004,1
2004-04-25,SAS,110,2004,1
2004-05-02,SAS,88,2004,1
2004-05-05,SAS,95,2004,1
2004-05-09,SAS,81,2004,1
2004-05-11,SAS,90,2004,1
2004-05-13,SAS,73,2004,1
2004-05-15,SAS,76,2004,1
2004-11-03,SAS,101,2005,0
2004-11-05,SAS,105,2005,0
2004-11-07,SAS,94,2005,0
2004-11-10,SAS,91,2005,0
2004-11-12,SAS,93,2005,0
2004-11-13,SAS,103,2005,0
2004-11-16,SAS,99,2005,0
2004-11-18,SAS,88,2005,0
2004-11-19,SAS,92,2005,0
2004-11-21,SAS,91,2005,0
2004-11-22,SAS,90,2005,0
2004-11-24,SAS,94,2005,0
2004-11-26,SAS,89,2005,0
2004-11-27,SAS,109,2005,0
2004-11-30,SAS,107,2005,0
2004-12-01,SAS,105,2005,0
2004-12-03,SAS,80,2005,0
2004-12-04,SAS,104,2005,0
2004-12-06,SAS,91,2005,0
2004-12-08,SAS,96,2005,0
2004-12-09,SAS,80,2005,0
2004-12-11,SAS,116,2005,0
2004-12-15,SAS,94,2005,0
2004-12-17,SAS,83,2005,0
2004-12-18,SAS,104,2005,0
2004-12-22,SAS,87,2005,0
2004-12-23,SAS,96,2005,0
2004-12-26,SAS,107,2005,0
2004-12-28,SAS,115,2005,0
2004-12-30,SAS,114,2005,0
2004-12-31,SAS,98,2005,0
2005-01-02,SAS,81,2005,0
2005-01-04,SAS,100,2005,0
2005-01-06,SAS,111,2005,0
2005-01-08,SAS,99,2005,0
2005-01-10,SAS,96,2005,0
2005-01-12,SAS,94,2005,0
2005-01-14,SAS,98,2005,0
2005-01-15,SAS,67,2005,0
2005-01-17,SAS,101,2005,0
2005-01-19,SAS,80,2005,0
2005-01-21,SAS,128,2005,0
2005-01-23,SAS,103,2005,0
2005-01-24,SAS,99,2005,0
2005-01-27,SAS,90,2005,0
2005-01-29,SAS,93,2005,0
2005-01-31,SAS,103,2005,0
2005-02-03,SAS,103,2005,0
2005-02-08,SAS,104,2005,0
2005-02-09,SAS,87,2005,0
2005-02-11,SAS,101,2005,0
2005-02-13,SAS,92,2005,0
2005-02-16,SAS,101,2005,0
2005-02-23,SAS,99,2005,0
2005-02-26,SAS,82,2005,0
2005-02-28,SAS,94,2005,0
2005-03-02,SAS,92,2005,0
2005-03-04,SAS,102,2005,0
2005-03-06,SAS,101,2005,0
2005-03-08,SAS,90,2005,0
2005-03-09,SAS,101,2005,0
2005-03-12,SAS,87,2005,0
2005-03-14,SAS,112,2005,0
2005-03-16,SAS,89,2005,0
2005-03-18,SAS,93,2005,0
2005-03-20,SAS,101,2005,0
2005-03-21,SAS,75,2005,0
2005-03-23,SAS,93,2005,0
2005-03-25,SAS,111,2005,0
2005-03-27,SAS,83,2005,0
2005-03-30,SAS,89,2005,0
2005-04-01,SAS,84,2005,0
2005-04-02,SAS,95,2005,0
2005-04-06,SAS,91,2005,0
2005-04-07,SAS,68,2005,0
2005-04-09,SAS,125,2005,0
2005-04-10,SAS,136,2005,0
2005-04-12,SAS,95,2005,0
2005-04-13,SAS,91,2005,0
2005-04-16,SAS,97,2005,0
2005-04-18,SAS,92,2005,0
2005-04-20,SAS,73,2005,0
2005-04-24,SAS,87,2005,1
2005-04-27,SAS,104,2005,1
2005-04-30,SAS,86,2005,1
2005-05-02,SAS,126,2005,1
2005-05-04,SAS,99,2005,1
2005-05-08,SAS,103,2005,1
2005-05-10,SAS,108,2005,1
2005-05-12,SAS,91,2005,1
2005-05-15,SAS,89,2005,1
2005-05-17,SAS,103,2005,1
2005-05-19,SAS,98,2005,1
2005-05-22,SAS,121,2005,1
2005-05-24,SAS,111,2005,1
2005-05-28,SAS,102,2005,1
2005-05-30,SAS,106,2005,1
2005-06-01,SAS,101,2005,1
2005-06-09,SAS,84,2005,1
2005-06-12,SAS,97,2005,1
2005-06-14,SAS,79,2005,1
2005-06-16,SAS,71,2005,1
2005-06-19,SAS,96,2005,1
2005-06-21,SAS,86,2005,1
2005-06-23,SAS,81,2005,1
2005-11-01,SAS,102,2006,0
2005-11-04,SAS,102,2006,0
2005-11-05,SAS,84,2006,0
2005-11-07,SAS,104,2006,0
2005-11-09,SAS,94,2006,0
2005-11-11,SAS,103,2006,0
2005-11-12,SAS,95,2006,0
2005-11-15,SAS,103,2006,0
2005-11-17,SAS,86,2006,0
2005-11-19,SAS,97,2006,0
2005-11-21,SAS,96,2006,0
2005-11-23,SAS,113,2006,0
2005-11-25,SAS,99,2006,0
2005-11-29,SAS,90,2006,0
2005-12-01,SAS,92,2006,0
2005-12-03,SAS,100,2006,0
2005-12-05,SAS,110,2006,0
2005-12-07,SAS,98,2006,0
2005-12-09,SAS,101,2006,0
2005-12-10,SAS,84,2006,0
2005-12-13,SAS,95,2006,0
2005-12-15,SAS,90,2006,0
2005-12-17,SAS,90,2006,0
2005-12-18,SAS,76,2006,0
2005-12-20,SAS,107,2006,0
2005-12-21,SAS,109,2006,0
2005-12-23,SAS,95,2006,0
2005-12-25,SAS,70,2006,0
2005-12-27,SAS,99,2006,0
2005-12-29,SAS,111,2006,0
2005-12-31,SAS,98,2006,0
2006-01-04,SAS,106,2006,0
2006-01-06,SAS,83,2006,0
2006-01-07,SAS,86,2006,0
2006-01-10,SAS,96,2006,0
2006-01-12,SAS,68,2006,0
2006-01-14,SAS,80,2006,0
2006-01-16,SAS,93,2006,0
2006-01-18,SAS,95,2006,0
2006-01-20,SAS,101,2006,0
2006-01-22,SAS,85,2006,0
2006-01-24,SAS,104,2006,0
2006-01-25,SAS,84,2006,0
2006-01-28,SAS,102,2006,0
2006-01-30,SAS,79,2006,0
2006-02-01,SAS,86,2006,0
2006-02-02,SAS,89,2006,0
2006-02-08,SAS,125,2006,0
2006-02-10,SAS,83,2006,0
2006-02-12,SAS,92,2006,0
2006-02-13,SAS,87,2006,0
2006-02-15,SAS,100,2006,0
2006-02-21,SAS,103,2006,0
2006-02-24,SAS,83,2006,0
2006-02-25,SAS,92,2006,0
2006-02-27,SAS,121,2006,0
2006-03-02,SAS,98,2006,0
2006-03-04,SAS,101,2006,0
2006-03-06,SAS,103,2006,0
2006-03-07,SAS,85,2006,0
2006-03-09,SAS,117,2006,0
2006-03-10,SAS,92,2006,0
2006-03-12,SAS,88,2006,0
2006-03-14,SAS,96,2006,0
2006-03-17,SAS,108,2006,0
2006-03-18,SAS,92,2006,0
2006-03-21,SAS,107,2006,0
2006-03-22,SAS,92,2006,0
2006-03-24,SAS,98,2006,0
2006-03-26,SAS,102,2006,0
2006-03-28,SAS,98,2006,0
2006-03-30,SAS,96,2006,0
2006-04-01,SAS,106,2006,0
2006-04-04,SAS,95,2006,0
2006-04-05,SAS,87,2006,0
2006-04-07,SAS,86,2006,0
2006-04-09,SAS,83,2006,0
2006-04-11,SAS,104,2006,0
2006-04-13,SAS,80,2006,0
2006-04-16,SAS,103,2006,0
2006-04-17,SAS,115,2006,0
2006-04-19,SAS,89,2006,0
2006-11-02,SAS,97,2007,0
2006-11-03,SAS,81,2007,0
2006-11-05,SAS,103,2007,0
2006-11-06,SAS,105,2007,0
2006-11-08,SAS,111,2007,0
2006-11-11,SAS,100,2007,0
2006-11-14,SAS,92,2007,0
2006-11-15,SAS,92,2007,0
2006-11-17,SAS,100,2007,0
2006-11-19,SAS,108,2007,0
2006-11-20,SAS,107,2007,0
2006-11-22,SAS,106,2007,0
2006-11-24,SAS,92,2007,0
2006-11-26,SAS,98,2007,0
2006-11-27,SAS,102,2007,0
2006-11-29,SAS,75,2007,0
2006-12-02,SAS,100,2007,0
2006-12-04,SAS,129,2007,0
2006-12-06,SAS,96,2007,0
2006-12-08,SAS,111,2007,0
2006-12-10,SAS,99,2007,0
2006-12-11,SAS,103,2007,0
2006-12-13,SAS,95,2007,0
2006-12-14,SAS,103,2007,0
2006-12-16,SAS,103,2007,0
2006-12-20,SAS,105,2007,0
2006-12-22,SAS,78,2007,0
2006-12-23,SAS,112,2007,0
2006-12-26,SAS,107,2007,0
2006-12-28,SAS,106,2007,0
2006-12-31,SAS,95,2007,0
2007-01-02,SAS,78,2007,0
2007-01-03,SAS,101,2007,0
2007-01-05,SAS,85,2007,0
2007-01-07,SAS,110,2007,0
2007-01-09,SAS,98,2007,0
2007-01-10,SAS,92,2007,0
2007-01-13,SAS,93,2007,0
2007-01-15,SAS,87,2007,0
2007-01-17,SAS,96,2007,0
2007-01-19,SAS,99,2007,0
2007-01-21,SAS,99,2007,0
2007-01-22,SAS,93,2007,0
2007-01-24,SAS,85,2007,0
2007-01-26,SAS,112,2007,0
2007-01-28,SAS,96,2007,0
2007-01-31,SAS,93,2007,0
2007-02-01,SAS,87,2007,0
2007-02-07,SAS,110,2007,0
2007-02-09,SAS,104,2007,0
2007-02-11,SAS,85,2007,0
2007-02-13,SAS,107,2007,0
2007-02-14,SAS,90,2007,0
2007-02-20,SAS,95,2007,0
2007-02-21,SAS,103,2007,0
2007-02-24,SAS,102,2007,0
2007-02-26,SAS,107,2007,0
2007-03-02,SAS,98,2007,0
2007-03-03,SAS,97,2007,0
2007-03-05,SAS,88,2007,0
2007-03-06,SAS,99,2007,0
2007-03-08,SAS,100,2007,0
2007-03-10,SAS,93,2007,0
2007-03-13,SAS,93,2007,0
2007-03-15,SAS,90,2007,0
2007-03-17,SAS,85,2007,0
2007-03-21,SAS,90,2007,0
2007-03-23,SAS,90,2007,0
2007-03-25,SAS,120,2007,0
2007-03-26,SAS,126,2007,0
2007-03-28,SAS,92,2007,0
2007-03-30,SAS,102,2007,0
2007-04-01,SAS,99,2007,0
2007-04-03,SAS,110,2007,0
2007-04-05,SAS,92,2007,0
2007-04-07,SAS,112,2007,0
2007-04-09,SAS,112,2007,0
2007-04-11,SAS,109,2007,0
2007-04-13,SAS,110,2007,0
2007-04-15,SAS,86,2007,0
2007-04-16,SAS,91,2007,0
2007-04-18,SAS,77,2007,0
2007-04-22,SAS,89,2007,1
2007-04-25,SAS,97,2007,1
2007-04-28,SAS,96,2007,1
2007-04-30,SAS,96,2007,1
2007-05-02,SAS,93,2007,1
2007-05-06,SAS,111,2007,1
2007-05-08,SAS,81,2007,1
2007-05-12,SAS,108,2007,1
2007-05-14,SAS,98,2007,1
2007-05-16,SAS,88,2007,1
2007-05-18,SAS,114,2007,1
2007-05-20,SAS,108,2007,1
2007-05-22,SAS,105,2007,1
2007-05-26,SAS,83,2007,1
2007-05-28,SAS,91,2007,1
2007-05-30,SAS,109,2007,1
2007-06-07,SAS,85,2007,1
2007-06-10,SAS,103,2007,1
2007-06-12,SAS,75,2007,1
2007-06-14,SAS,83,2007,1
2007-10-30,SAS,106,2008,0
2007-10-31,SAS,104,2008,0
2007-11-02,SAS,96,2008,0
2007-11-06,SAS,81,2008,0
2007-11-07,SAS,88,2008,0
2007-11-09,SAS,97,2008,0
2007-11-11,SAS,113,2008,0
2007-11-13,SAS,107,2008,0
2007-11-15,SAS,92,2008,0
2007-11-16,SAS,90,2008,0
2007-11-20,SAS,95,2008,0
2007-11-21,SAS,128,2008,0
2007-11-23,SAS,101,2008,0
2007-11-25,SAS,116,2008,0
2007-11-26,SAS,99,2008,0
2007-11-28,SAS,109,2008,0
2007-11-30,SAS,106,2008,0
2007-12-02,SAS,100,2008,0
2007-12-05,SAS,97,2008,0
2007-12-07,SAS,104,2008,0
2007-12-11,SAS,84,2008,0
2007-12-13,SAS,97,2008,0
2007-12-15,SAS,102,2008,0
2007-12-17,SAS,95,2008,0
2007-12-19,SAS,85,2008,0
2007-12-22,SAS,99,2008,0
2007-12-26,SAS,94,2008,0
2007-12-28,SAS,73,2008,0
2007-12-30,SAS,111,2008,0
2008-01-03,SAS,77,2008,0
2008-01-04,SAS,97,2008,0
2008-01-06,SAS,88,2008,0
2008-01-07,SAS,121,2008,0
2008-01-10,SAS,80,2008,0
2008-01-12,SAS,105,2008,0
2008-01-14,SAS,89,2008,0
2008-01-17,SAS,88,2008,0
2008-01-19,SAS,81,2008,0
2008-01-21,SAS,95,2008,0
2008-01-23,SAS,103,2008,0
2008-01-24,SAS,90,2008,0
2008-01-26,SAS,78,2008,0
2008-01-28,SAS,91,2008,0
2008-01-29,SAS,85,2008,0
2008-01-31,SAS,84,2008,0
2008-02-05,SAS,116,2008,0
2008-02-06,SAS,85,2008,0
2008-02-08,SAS,99,2008,0
2008-02-10,SAS,90,2008,0
2008-02-11,SAS,93,2008,0
2008-02-13,SAS,112,2008,0
2008-02-19,SAS,85,2008,0
2008-02-21,SAS,100,2008,0
2008-02-23,SAS,98,2008,0
2008-02-25,SAS,89,2008,0
2008-02-28,SAS,97,2008,0
2008-03-01,SAS,96,2008,0
2008-03-02,SAS,93,2008,0
2008-03-04,SAS,81,2008,0
2008-03-06,SAS,108,2008,0
2008-03-07,SAS,96,2008,0
2008-03-09,SAS,87,2008,0
2008-03-10,SAS,107,2008,0
2008-03-12,SAS,75,2008,0
2008-03-14,SAS,80,2008,0
2008-03-15,SAS,96,2008,0
2008-03-17,SAS,91,2008,0
2008-03-20,SAS,102,2008,0
2008-03-21,SAS,102,2008,0
2008-03-23,SAS,88,2008,0
2008-03-25,SAS,107,2008,0
2008-03-26,SAS,97,2008,0
2008-03-28,SAS,99,2008,0
2008-03-30,SAS,109,2008,0
2008-04-01,SAS,116,2008,0
2008-04-04,SAS,64,2008,0
2008-04-06,SAS,72,2008,0
2008-04-09,SAS,79,2008,0
2008-04-11,SAS,95,2008,0
2008-04-13,SAS,85,2008,0
2008-04-14,SAS,101,2008,0
2008-04-16,SAS,109,2008,0
2008-04-19,SAS,117,2008,1
2008-04-22,SAS,102,2008,1
2008-04-25,SAS,115,2008,1
2008-04-27,SAS,86,2008,1
2008-04-29,SAS,92,2008,1
2008-05-03,SAS,82,2008,1
2008-05-05,SAS,84,2008,1
2008-05-08,SAS,110,2008,1
2008-05-11,SAS,100,2008,1
2008-05-13,SAS,79,2008,1
2008-05-15,SAS,99,2008,1
2008-05-19,SAS,91,2008,1
2008-05-21,SAS,85,2008,1
2008-05-23,SAS,71,2008,1
2008-05-25,SAS,103,2008,1
2008-05-27,SAS,91,2008,1
2008-05-29,SAS,92,2008,1
2008-10-29,SAS,98,2009,0
2008-10-31,SAS,99,2009,0
2008-11-04,SAS,81,2009,0
2008-11-05,SAS,129,2009,0
2008-11-07,SAS,83,2009,0
2008-11-11,SAS,92,2009,0
2008-11-12,SAS,78,2009,0
2008-11-14,SAS,77,2009,0
2008-11-16,SAS,90,2009,0
2008-11-17,SAS,86,2009,0
2008-11-19,SAS,81,2009,0
2008-11-21,SAS,119,2009,0
2008-11-24,SAS,94,2009,0
2008-11-26,SAS,98,2009,0
2008-11-28,SAS,109,2009,0
2008-11-29,SAS,84,2009,0
2008-12-02,SAS,77,2009,0
2008-12-04,SAS,108,2009,0
2008-12-06,SAS,123,2009,0
2008-12-09,SAS,133,2009,0
2008-12-10,SAS,95,2009,0
2008-12-12,SAS,98,2009,0
2008-12-14,SAS,109,2009,0
2008-12-17,SAS,83,2009,0
2008-12-18,SAS,78,2009,0
2008-12-20,SAS,107,2009,0
2008-12-22,SAS,101,2009,0
2008-12-23,SAS,99,2009,0
2008-12-25,SAS,91,2009,0
2008-12-27,SAS,106,2009,0
2008-12-30,SAS,98,2009,0
2009-01-02,SAS,91,2009,0
2009-01-03,SAS,108,2009,0
2009-01-05,SAS,91,2009,0
2009-01-08,SAS,106,2009,0
2009-01-11,SAS,98,2009,0
2009-01-14,SAS,112,2009,0
2009-01-16,SAS,87,2009,0
2009-01-17,SAS,92,2009,0
2009-01-19,SAS,86,2009,0
2009-01-20,SAS,99,2009,0
2009-01-23,SAS,94,2009,0
2009-01-25,SAS,85,2009,0
2009-01-27,SAS,106,2009,0
2009-01-29,SAS,114,2009,0
2009-01-31,SAS,106,2009,0
2009-02-02,SAS,110,2009,0
2009-02-03,SAS,96,2009,0
2009-02-08,SAS,105,2009,0
2009-02-10,SAS,108,2009,0
2009-02-11,SAS,89,2009,0
2009-02-17,SAS,107,2009,0
2009-02-19,SAS,83,2009,0
2009-02-21,SAS,98,2009,0
2009-02-24,SAS,93,2009,0
2009-02-25,SAS,99,2009,0
2009-02-27,SAS,86,2009,0
2009-03-01,SAS,84,2009,0
2009-03-02,SAS,106,2009,0
2009-03-04,SAS,102,2009,0
2009-03-06,SAS,100,2009,0
2009-03-08,SAS,103,2009,0
2009-03-10,SAS,100,2009,0
2009-03-12,SAS,95,2009,0
2009-03-14,SAS,88,2009,0
2009-03-16,SAS,76,2009,0
2009-03-17,SAS,93,2009,0
2009-03-20,SAS,77,2009,0
2009-03-22,SAS,85,2009,0
2009-03-24,SAS,107,2009,0
2009-03-25,SAS,102,2009,0
2009-03-27,SAS,111,2009,0
2009-03-29,SAS,86,2009,0
2009-03-31,SAS,95,2009,0
2009-04-03,SAS,126,2009,0
2009-04-05,SAS,81,2009,0
2009-04-07,SAS,99,2009,0
2009-04-08,SAS,83,2009,0
2009-04-10,SAS,105,2009,0
2009-04-12,SAS,95,2009,0
2009-04-13,SAS,101,2009,0
2009-04-15,SAS,105,2009,0
2009-04-18,SAS,97,2009,1
2009-04-20,SAS,105,2009,1
2009-04-23,SAS,67,2009,1
2009-04-25,SAS,90,2009,1
2009-04-28,SAS,93,2009,1
2009-10-28,SAS,113,2010,0
2009-10-29,SAS,85,2010,0
2009-10-31,SAS,113,2010,0
2009-11-05,SAS,99,2010,0
2009-11-06,SAS,84,2010,0
2009-11-09,SAS,131,2010,0
2009-11-11,SAS,92,2010,0
2009-11-14,SAS,98,2010,0
2009-11-18,SAS,94,2010,0
2009-11-19,SAS,83,2010,0
2009-11-21,SAS,106,2010,0
2009-11-23,SAS,112,2010,0
2009-11-25,SAS,118,2010,0
2009-11-27,SAS,92,2010,0
2009-11-29,SAS,97,2010,0
2009-12-03,SAS,83,2010,0
2009-12-05,SAS,99,2010,0
2009-12-07,SAS,101,2010,0
2009-12-09,SAS,118,2010,0
2009-12-11,SAS,104,2010,0
2009-12-13,SAS,115,2010,0
2009-12-15,SAS,104,2010,0
2009-12-16,SAS,103,2010,0
2009-12-19,SAS,100,2010,0
2009-12-21,SAS,103,2010,0
2009-12-23,SAS,94,2010,0
2009-12-26,SAS,112,2010,0
2009-12-27,SAS,95,2010,0
2009-12-29,SAS,117,2010,0
2009-12-31,SAS,108,2010,0
2010-01-02,SAS,97,2010,0
2010-01-03,SAS,86,2010,0
2010-01-06,SAS,112,2010,0
2010-01-08,SAS,103,2010,0
2010-01-10,SAS,97,2010,0
2010-01-12,SAS,105,2010,0
2010-01-13,SAS,109,2010,0
2010-01-15,SAS,76,2010,0
2010-01-16,SAS,86,2010,0
2010-01-18,SAS,97,2010,0
2010-01-20,SAS,98,2010,0
2010-01-22,SAS,109,2010,0
2010-01-25,SAS,93,2010,0
2010-01-27,SAS,105,2010,0
2010-01-29,SAS,104,2010,0
2010-01-31,SAS,89,2010,0
2010-02-03,SAS,115,2010,0
2010-02-04,SAS,93,2010,0
2010-02-06,SAS,98,2010,0
2010-02-08,SAS,89,2010,0
2010-02-11,SAS,111,2010,0
2010-02-17,SAS,90,2010,0
2010-02-19,SAS,94,2010,0
2010-02-21,SAS,101,2010,0
2010-02-24,SAS,95,2010,0
2010-02-26,SAS,104,2010,0
2010-02-28,SAS,113,2010,0
2010-03-01,SAS,106,2010,0
2010-03-05,SAS,102,2010,0
2010-03-06,SAS,102,2010,0
2010-03-08,SAS,95,2010,0
2010-03-10,SAS,97,2010,0
2010-03-12,SAS,103,2010,0
2010-03-13,SAS,118,2010,0
2010-03-16,SAS,88,2010,0
2010-03-17,SAS,84,2010,0
2010-03-19,SAS,147,2010,0
2010-03-21,SAS,114,2010,0
2010-03-22,SAS,99,2010,0
2010-03-24,SAS,83,2010,0
2010-03-26,SAS,102,2010,0
2010-03-28,SAS,94,2010,0
2010-03-29,SAS,84,2010,0
2010-03-31,SAS,119,2010,0
2010-04-02,SAS,112,2010,0
2010-04-04,SAS,100,2010,0
2010-04-06,SAS,95,2010,0
2010-04-07,SAS,101,2010,0
2010-04-09,SAS,99,2010,0
2010-04-10,SAS,104,2010,0
2010-04-12,SAS,133,2010,0
2010-04-14,SAS,89,2010,0
2010-04-18,SAS,94,2010,1
2010-04-21,SAS,102,2010,1
2010-04-23,SAS,94,2010,1
2010-04-25,SAS,92,2010,1
2010-04-27,SAS,81,2010,1
2010-04-29,SAS,97,2010,1
2010-05-03,SAS,102,2010,1
2010-05-05,SAS,102,2010,1
2010-05-07,SAS,96,2010,1
2010-05-09,SAS,101,2010,1
2010-10-27,SAS,122,2011,0
2010-10-30,SAS,90,2011,0
2010-11-01,SAS,97,2011,0
2010-11-03,SAS,112,2011,0
2010-11-06,SAS,124,2011,0
2010-11-08,SAS,95,2011,0
2010-11-10,SAS,107,2011,0
2010-11-13,SAS,116,2011,0
2010-11-14,SAS,117,2011,0
2010-11-17,SAS,103,2011,0
2010-11-19,SAS,94,2011,0
2010-11-20,SAS,116,2011,0
2010-11-22,SAS,106,2011,0
2010-11-24,SAS,113,2011,0
2010-11-26,SAS,94,2011,0
2010-11-28,SAS,109,2011,0
2010-11-30,SAS,118,2011,0
2010-12-01,SAS,85,2011,0
2010-12-03,SAS,107,2011,0
2010-12-05,SAS,109,2011,0
2010-12-08,SAS,111,2011,0
2010-12-10,SAS,108,2011,0
2010-12-12,SAS,95,2011,0
2010-12-15,SAS,92,2011,0
2010-12-16,SAS,113,2011,0
2010-12-18,SAS,112,2011,0
2010-12-20,SAS,118,2011,0
2010-12-22,SAS,109,2011,0
2010-12-23,SAS,101,2011,0
2010-12-26,SAS,94,2011,0
2010-12-28,SAS,97,2011,0
2010-12-30,SAS,99,2011,0
2011-01-01,SAS,101,2011,0
2011-01-04,SAS,115,2011,0
2011-01-05,SAS,103,2011,0
2011-01-07,SAS,90,2011,0
2011-01-09,SAS,94,2011,0
2011-01-11,SAS,107,2011,0
2011-01-12,SAS,91,2011,0
2011-01-14,SAS,101,2011,0
2011-01-16,SAS,110,2011,0
2011-01-19,SAS,104,2011,0
2011-01-21,SAS,101,2011,0
2011-01-22,SAS,72,2011,0
2011-01-24,SAS,113,2011,0
2011-01-26,SAS,112,2011,0
2011-01-29,SAS,108,2011,0
2011-02-01,SAS,86,2011,0
2011-02-03,SAS,89,2011,0
2011-02-04,SAS,113,2011,0
2011-02-08,SAS,100,2011,0
2011-02-09,SAS,111,2011,0
2011-02-11,SAS,71,2011,0
2011-02-12,SAS,118,2011,0
2011-02-14,SAS,102,2011,0
2011-02-17,SAS,99,2011,0
2011-02-23,SAS,109,2011,0
2011-02-25,SAS,106,2011,0
2011-02-27,SAS,95,2011,0
2011-03-01,SAS,93,2011,0
2011-03-02,SAS,109,2011,0
2011-03-04,SAS,125,2011,0
2011-03-06,SAS,83,2011,0
2011-03-09,SAS,111,2011,0
2011-03-11,SAS,108,2011,0
2011-03-12,SAS,115,2011,0
2011-03-14,SAS,80,2011,0
2011-03-18,SAS,97,2011,0
2011-03-19,SAS,109,2011,0
2011-03-21,SAS,111,2011,0
2011-03-23,SAS,112,2011,0
2011-03-25,SAS,96,2011,0
2011-03-27,SAS,104,2011,0
2011-03-28,SAS,92,2011,0
2011-03-31,SAS,97,2011,0
2011-04-01,SAS,114,2011,0
2011-04-03,SAS,114,2011,0
2011-04-05,SAS,97,2011,0
2011-04-06,SAS,124,2011,0
2011-04-09,SAS,111,2011,0
2011-04-12,SAS,93,2011,0
2011-04-13,SAS,103,2011,0
2011-04-17,SAS,98,2011,1
2011-04-20,SAS,93,2011,1
2011-04-23,SAS,88,2011,1
2011-04-25,SAS,86,2011,1
2011-04-27,SAS,110,2011,1
2011-04-29,SAS,91,2011,1
2011-12-26,SAS,95,2012,0
2011-12-28,SAS,115,2012,0
2011-12-29,SAS,85,2012,0
2011-12-31,SAS,104,2012,0
2012-01-02,SAS,96,2012,0
2012-01-04,SAS,101,2012,0
2012-01-05,SAS,93,2012,0
2012-01-07,SAS,121,2012,0
2012-01-08,SAS,96,2012,0
2012-01-10,SAS,103,2012,0
2012-01-11,SAS,101,2012,0
2012-01-13,SAS,99,2012,0
2012-01-15,SAS,102,2012,0
2012-01-17,SAS,98,2012,0
2012-01-18,SAS,85,2012,0
2012-01-20,SAS,86,2012,0
2012-01-21,SAS,102,2012,0
2012-01-23,SAS,104,2012,0
2012-01-25,SAS,105,2012,0
2012-01-27,SAS,79,2012,0
2012-01-29,SAS,100,2012,0
2012-01-30,SAS,83,2012,0
2012-02-01,SAS,99,2012,0
2012-02-02,SAS,93,2012,0
2012-02-04,SAS,107,2012,0
2012-02-06,SAS,89,2012,0
2012-02-08,SAS,100,2012,0
2012-02-11,SAS,103,2012,0
2012-02-14,SAS,99,2012,0
2012-02-15,SAS,113,2012,0
2012-02-18,SAS,103,2012,0
2012-02-20,SAS,106,2012,0
2012-02-21,SAS,97,2012,0
2012-02-23,SAS,114,2012,0
2012-02-29,SAS,89,2012,0
2012-03-02,SAS,102,2012,0
2012-03-04,SAS,94,2012,0
2012-03-07,SAS,118,2012,0
2012-03-09,SAS,108,2012,0
2012-03-12,SAS,112,2012,0
2012-03-14,SAS,122,2012,0
2012-03-16,SAS,114,2012,0
2012-03-17,SAS,99,2012,0
2012-03-21,SAS,116,2012,0
2012-03-23,SAS,104,2012,0
2012-03-24,SAS,89,2012,0
2012-03-25,SAS,93,2012,0
2012-03-27,SAS,107,2012,0
2012-03-28,SAS,117,2012,0
2012-03-31,SAS,112,2012,0
2012-04-03,SAS,125,2012,0
2012-04-04,SAS,87,2012,0
2012-04-06,SAS,128,2012,0
2012-04-08,SAS,114,2012,0
2012-04-09,SAS,84,2012,0
2012-04-11,SAS,84,2012,0
2012-04-12,SAS,107,2012,0
2012-04-14,SAS,105,2012,0
2012-04-16,SAS,120,2012,0
2012-04-17,SAS,112,2012,0
2012-04-18,SAS,127,2012,0
2012-04-20,SAS,121,2012,0
2012-04-22,SAS,114,2012,0
2012-04-23,SAS,124,2012,0
2012-04-25,SAS,110,2012,0
2012-04-26,SAS,107,2012,0
2012-04-29,SAS,106,2012,1
2012-05-02,SAS,114,2012,1
2012-05-05,SAS,102,2012,1
2012-05-07,SAS,87,2012,1
2012-05-15,SAS,108,2012,1
2012-05-17,SAS,105,2012,1
2012-05-19,SAS,96,2012,1
2012-05-20,SAS,102,2012,1
2012-05-27,SAS,101,2012,1
2012-05-29,SAS,120,2012,1
2012-05-31,SAS,82,2012,1
2012-06-02,SAS,103,2012,1
2012-06-04,SAS,103,2012,1
2012-06-06,SAS,99,2012,1
2013-04-21,SAS,91,2013,1
2013-04-24,SAS,102,2013,1
2013-04-26,SAS,120,2013,1
2013-04-28,SAS,103,2013,1
2013-05-06,SAS,129,2013,1
2013-05-08,SAS,91,2013,1
2013-05-10,SAS,102,2013,1
2013-05-12,SAS,87,2013,1
2013-05-14,SAS,109,2013,1
2013-05-16,SAS,94,2013,1
2013-05-19,SAS,105,2013,1
2013-05-21,SAS,93,2013,1
2013-05-25,SAS,104,2013,1
2013-05-27,SAS,93,2013,1
2013-06-06,SAS,92,2013,1
2013-06-09,SAS,84,2013,1
2013-06-11,SAS,113,2013,1
2013-06-13,SAS,93,2013,1
2013-06-16,SAS,114,2013,1
2013-06-18,SAS,100,2013,1
2013-06-20,SAS,88,2013,1
2013-10-30,SAS,101,2014,0
2013-11-01,SAS,91,2014,0
2013-11-02,SAS,105,2014,0
2013-11-05,SAS,102,2014,0
2013-11-06,SAS,99,2014,0
2013-11-08,SAS,76,2014,0
2013-11-10,SAS,120,2014,0
2013-11-11,SAS,109,2014,0
2013-11-13,SAS,92,2014,0
2013-11-15,SAS,91,2014,0
2013-11-20,SAS,104,2014,0
2013-11-22,SAS,102,2014,0
2013-11-23,SAS,126,2014,0
2013-11-25,SAS,112,2014,0
2013-11-27,SAS,88,2014,0
2013-11-29,SAS,109,2014,0
2013-11-30,SAS,106,2014,0
2013-12-02,SAS,102,2014,0
2013-12-07,SAS,100,2014,0
2013-12-10,SAS,116,2014,0
2013-12-11,SAS,109,2014,0
2013-12-13,SAS,117,2014,0
2013-12-14,SAS,100,2014,0
2013-12-16,SAS,92,2014,0
2013-12-18,SAS,108,2014,0
2013-12-19,SAS,104,2014,0
2013-12-21,SAS,100,2014,0
2013-12-23,SAS,112,2014,0
2013-12-25,SAS,98,2014,0
2013-12-26,SAS,116,2014,0
2013-12-29,SAS,112,2014,0
2013-12-31,SAS,113,2014,0
2014-01-02,SAS,101,2014,0
2014-01-04,SAS,116,2014,0
2014-01-07,SAS,110,2014,0
2014-01-08,SAS,112,2014,0
2014-01-12,SAS,104,2014,0
2014-01-13,SAS,101,2014,0
2014-01-15,SAS,109,2014,0
2014-01-17,SAS,100,2014,0
2014-01-19,SAS,110,2014,0
2014-01-22,SAS,105,2014,0
2014-01-24,SAS,105,2014,0
2014-01-26,SAS,101,2014,0
2014-01-28,SAS,90,2014,0
2014-01-29,SAS,86,2014,0
2014-02-01,SAS,95,2014,0
2014-02-03,SAS,102,2014,0
2014-02-05,SAS,125,2014,0
2014-02-06,SAS,89,2014,0
2014-02-08,SAS,104,2014,0
2014-02-10,SAS,100,2014,0
2014-02-12,SAS,104,2014,0
2014-02-18,SAS,113,2014,0
2014-02-19,SAS,111,2014,0
2014-02-21,SAS,85,2014,0
2014-02-26,SAS,120,2014,0
2014-02-28,SAS,92,2014,0
2014-03-02,SAS,112,2014,0
2014-03-04,SAS,122,2014,0
2014-03-06,SAS,111,2014,0
2014-03-08,SAS,121,2014,0
2014-03-11,SAS,104,2014,0
2014-03-12,SAS,103,2014,0
2014-03-14,SAS,119,2014,0
2014-03-16,SAS,122,2014,0
2014-03-19,SAS,125,2014,0
2014-03-21,SAS,99,2014,0
2014-03-22,SAS,99,2014,0
2014-03-24,SAS,113,2014,0
2014-03-26,SAS,108,2014,0
2014-03-28,SAS,133,2014,0
2014-03-29,SAS,96,2014,0
2014-03-31,SAS,103,2014,0
2014-04-02,SAS,111,2014,0
2014-04-03,SAS,94,2014,0
2014-04-06,SAS,112,2014,0
2014-04-08,SAS,91,2014,0
2014-04-10,SAS,109,2014,0
2014-04-11,SAS,112,2014,0
2014-04-14,SAS,98,2014,0
2014-04-16,SAS,100,2014,0
2014-04-20,SAS,90,2014,1
2014-04-23,SAS,92,2014,1
2014-04-26,SAS,108,2014,1
2014-04-28,SAS,93,2014,1
2014-04-30,SAS,109,2014,1
2014-05-02,SAS,111,2014,1
2014-05-04,SAS,119,2014,1
2014-05-06,SAS,116,2014,1
2014-05-08,SAS,114,2014,1
2014-05-10,SAS,118,2014,1
2014-05-12,SAS,92,2014,1
2014-05-14,SAS,104,2014,1
2014-05-19,SAS,122,2014,1
2014-05-21,SAS,112,2014,1
2014-05-25,SAS,97,2014,1
2014-05-27,SAS,92,2014,1
2014-05-29,SAS,117,2014,1
2014-05-31,SAS,112,2014,1
2014-06-05,SAS,110,2014,1
2014-06-08,SAS,96,2014,1
2014-06-10,SAS,111,2014,1
2014-06-12,SAS,107,2014,1
2014-06-15,SAS,104,2014,1
2014-10-28,SAS,101,2015,0
2014-10-31,SAS,89,2015,0
2014-11-05,SAS,94,2015,0
2014-11-06,SAS,81,2015,0
2014-11-08,SAS,99,2015,0
2014-11-10,SAS,89,2015,0
2014-11-11,SAS,113,2015,0
2014-11-14,SAS,93,2015,0
2014-11-15,SAS,91,2015,0
2014-11-17,SAS,100,2015,0
2014-11-19,SAS,92,2015,0
2014-11-21,SAS,121,2015,0
2014-11-22,SAS,99,2015,0
2014-11-26,SAS,106,2015,0
2014-11-28,SAS,112,2015,0
2014-11-30,SAS,111,2015,0
2014-12-01,SAS,109,2015,0
2014-12-03,SAS,93,2015,0
2014-12-05,SAS,107,2015,0
2014-12-06,SAS,123,2015,0
2014-12-09,SAS,96,2015,0
2014-12-10,SAS,109,2015,0
2014-12-12,SAS,110,2015,0
2014-12-14,SAS,99,2015,0
2014-12-15,SAS,95,2015,0
2014-12-17,SAS,116,2015,0
2014-12-19,SAS,119,2015,0
2014-12-20,SAS,93,2015,0
2014-12-22,SAS,125,2015,0
2014-12-25,SAS,106,2015,0
2014-12-26,SAS,90,2015,0
2014-12-28,SAS,110,2015,0
2014-12-30,SAS,87,2015,0
2014-12-31,SAS,95,2015,0
2015-01-03,SAS,101,2015,0
2015-01-06,SAS,104,2015,0
2015-01-09,SAS,100,2015,0
2015-01-10,SAS,108,2015,0
2015-01-13,SAS,93,2015,0
2015-01-14,SAS,98,2015,0
2015-01-16,SAS,110,2015,0
2015-01-18,SAS,89,2015,0
2015-01-20,SAS,109,2015,0
2015-01-22,SAS,81,2015,0
2015-01-23,SAS,99,2015,0
2015-01-25,SAS,101,2015,0
2015-01-28,SAS,95,2015,0
2015-01-31,SAS,85,2015,0
2015-02-04,SAS,110,2015,0
2015-02-06,SAS,98,2015,0
2015-02-08,SAS,82,2015,0
2015-02-09,SAS,95,2015,0
2015-02-11,SAS,104,2015,0
2015-02-19,SAS,115,2015,0
2015-02-20,SAS,99,2015,0
2015-02-23,SAS,81,2015,0
2015-02-25,SAS,95,2015,0
2015-02-27,SAS,107,2015,0
2015-02-28,SAS,101,2015,0
2015-03-04,SAS,112,2015,0
2015-03-06,SAS,120,2015,0
2015-03-08,SAS,116,2015,0
2015-03-10,SAS,117,2015,0
2015-03-12,SAS,125,2015,0
2015-03-15,SAS,123,2015,0
2015-03-17,SAS,100,2015,0
2015-03-18,SAS,114,2015,0
2015-03-20,SAS,101,2015,0
2015-03-22,SAS,114,2015,0
2015-03-24,SAS,94,2015,0
2015-03-25,SAS,130,2015,0
2015-03-27,SAS,94,2015,0
2015-03-29,SAS,103,2015,0
2015-03-31,SAS,95,2015,0
2015-04-01,SAS,103,2015,0
2015-04-03,SAS,123,2015,0
2015-04-05,SAS,107,2015,0
2015-04-07,SAS,113,2015,0
2015-04-08,SAS,110,2015,0
2015-04-10,SAS,104,2015,0
2015-04-12,SAS,107,2015,0
2015-04-15,SAS,103,2015,0
2015-04-19,SAS,92,2015,1
2015-04-22,SAS,111,2015,1
2015-04-24,SAS,100,2015,1
2015-04-26,SAS,105,2015,1
2015-04-28,SAS,111,2015,1
2015-04-30,SAS,96,2015,1
2015-05-02,SAS,109,2015,1
2015-10-28,SAS,106,2016,0
2015-10-30,SAS,102,2016,0
2015-11-01,SAS,95,2016,0
2015-11-02,SAS,94,2016,0
2015-11-04,SAS,99,2016,0
2015-11-07,SAS,114,2016,0
2015-11-09,SAS,106,2016,0
2015-11-11,SAS,113,2016,0
2015-11-14,SAS,92,2016,0
2015-11-16,SAS,93,2016,0
2015-11-18,SAS,109,2016,0
2015-11-20,SAS,90,2016,0
2015-11-21,SAS,92,2016,0
2015-11-23,SAS,98,2016,0
2015-11-25,SAS,88,2016,0
2015-11-27,SAS,91,2016,0
2015-11-28,SAS,108,2016,0
2015-11-30,SAS,89,2016,0
2015-12-02,SAS,95,2016,0
2015-12-03,SAS,103,2016,0
2015-12-05,SAS,108,2016,0
2015-12-07,SAS,119,2016,0
2015-12-09,SAS,94,2016,0
2015-12-11,SAS,109,2016,0
2015-12-12,SAS,103,2016,0
2015-12-14,SAS,118,2016,0
2015-12-16,SAS,114,2016,0
2015-12-18,SAS,115,2016,0
2015-12-21,SAS,106,2016,0
2015-12-23,SAS,108,2016,0
2015-12-25,SAS,84,2016,0
2015-12-26,SAS,101,2016,0
2015-12-28,SAS,101,2016,0
2015-12-30,SAS,112,2016,0
2016-01-02,SAS,121,2016,0
2016-01-04,SAS,123,2016,0
2016-01-06,SAS,123,2016,0
2016-01-08,SAS,100,2016,0
2016-01-11,SAS,106,2016,0
2016-01-12,SAS,109,2016,0
2016-01-14,SAS,99,2016,0
2016-01-17,SAS,112,2016,0
2016-01-21,SAS,117,2016,0
2016-01-22,SAS,108,2016,0
2016-01-25,SAS,90,2016,0
2016-01-27,SAS,130,2016,0
2016-01-30,SAS,103,2016,0
2016-02-01,SAS,107,2016,0
2016-02-03,SAS,110,2016,0
2016-02-05,SAS,116,2016,0
2016-02-06,SAS,106,2016,0
2016-02-09,SAS,119,2016,0
2016-02-10,SAS,98,2016,0
2016-02-18,SAS,86,2016,0
2016-02-19,SAS,119,2016,0
2016-02-21,SAS,118,2016,0
2016-02-24,SAS,108,2016,0
2016-02-25,SAS,96,2016,0
2016-02-27,SAS,104,2016,0
2016-03-02,SAS,97,2016,0
2016-03-03,SAS,94,2016,0
2016-03-05,SAS,104,2016,0
2016-03-07,SAS,91,2016,0
2016-03-08,SAS,116,2016,0
2016-03-10,SAS,109,2016,0
2016-03-12,SAS,93,2016,0
2016-03-15,SAS,108,2016,0
2016-03-17,SAS,118,2016,0
2016-03-19,SAS,87,2016,0
2016-03-21,SAS,88,2016,0
2016-03-23,SAS,112,2016,0
2016-03-25,SAS,110,2016,0
2016-03-26,SAS,92,2016,0
2016-03-28,SAS,101,2016,0
2016-03-30,SAS,100,2016,0
2016-04-02,SAS,102,2016,0
2016-04-05,SAS,88,2016,0
2016-04-07,SAS,101,2016,0
2016-04-08,SAS,98,2016,0
2016-04-10,SAS,86,2016,0
2016-04-12,SAS,102,2016,0
2016-04-13,SAS,96,2016,0
2016-04-17,SAS,106,2016,1
2016-04-19,SAS,94,2016,1
2016-04-22,SAS,96,2016,1
2016-04-24,SAS,116,2016,1
2016-04-30,SAS,124,2016,1
2016-05-02,SAS,97,2016,1
2016-05-06,SAS,100,2016,1
2016-05-08,SAS,97,2016,1
2016-05-10,SAS,91,2016,1
2016-05-12,SAS,99,2016,1
2016-10-25,SAS,129,2017,0
2016-10-27,SAS,102,2017,0
2016-10-29,SAS,98,2017,0
2016-10-30,SAS,106,2017,0
2016-11-01,SAS,91,2017,0
2016-11-04,SAS,100,2017,0
2016-11-05,SAS,92,2017,0
2016-11-09,SAS,99,2017,0
2016-11-11,SAS,96,2017,0
2016-11-12,SAS,106,2017,0
2016-11-14,SAS,94,2017,0
2016-11-16,SAS,110,2017,0
2016-11-18,SAS,116,2017,0
2016-11-21,SAS,96,2017,0
2016-11-23,SAS,119,2017,0
2016-11-25,SAS,109,2017,0
2016-11-26,SAS,112,2017,0
2016-11-29,SAS,83,2017,0
2016-11-30,SAS,94,2017,0
2016-12-02,SAS,107,2017,0
2016-12-05,SAS,97,2017,0
2016-12-06,SAS,105,2017,0
2016-12-08,SAS,91,2017,0
2016-12-10,SAS,130,2017,0
2016-12-14,SAS,108,2017,0
2016-12-15,SAS,107,2017,0
2016-12-18,SAS,113,2017,0
2016-12-20,SAS,102,2017,0
2016-12-22,SAS,101,2017,0
2016-12-23,SAS,110,2017,0
2016-12-25,SAS,119,2017,0
2016-12-28,SAS,119,2017,0
2016-12-30,SAS,110,2017,0
2017-01-01,SAS,112,2017,0
2017-01-03,SAS,110,2017,0
2017-01-05,SAS,127,2017,0
2017-01-07,SAS,102,2017,0
2017-01-10,SAS,107,2017,0
2017-01-12,SAS,134,2017,0
2017-01-14,SAS,105,2017,0
2017-01-17,SAS,122,2017,0
2017-01-19,SAS,118,2017,0
2017-01-21,SAS,118,2017,0
2017-01-23,SAS,112,2017,0
2017-01-24,SAS,108,2017,0
2017-01-27,SAS,103,2017,0
2017-01-29,SAS,101,2017,0
2017-01-31,SAS,108,2017,0
2017-02-02,SAS,102,2017,0
2017-02-04,SAS,121,2017,0
2017-02-06,SAS,74,2017,0
2017-02-08,SAS,111,2017,0
2017-02-10,SAS,103,2017,0
2017-02-12,SAS,90,2017,0
2017-02-13,SAS,110,2017,0
2017-02-15,SAS,107,2017,0
2017-02-24,SAS,105,2017,0
2017-02-26,SAS,119,2017,0
2017-03-01,SAS,100,2017,0
2017-03-03,SAS,101,2017,0
2017-03-04,SAS,97,2017,0
2017-03-06,SAS,112,2017,0
2017-03-08,SAS,114,2017,0
2017-03-09,SAS,92,2017,0
2017-03-11,SAS,107,2017,0
2017-03-13,SAS,107,2017,0
2017-03-15,SAS,106,2017,0
2017-03-18,SAS,96,2017,0
2017-03-19,SAS,118,2017,0
2017-03-21,SAS,100,2017,0
2017-03-23,SAS,97,2017,0
2017-03-25,SAS,106,2017,0
2017-03-27,SAS,103,2017,0
2017-03-29,SAS,98,2017,0
2017-03-31,SAS,100,2017,0
2017-04-02,SAS,109,2017,0
2017-04-04,SAS,95,2017,0
2017-04-05,SAS,95,2017,0
2017-04-07,SAS,102,2017,0
2017-04-08,SAS,87,2017,0
2017-04-10,SAS,98,2017,0
2017-04-12,SAS,97,2017,0
2017-04-15,SAS,111,2017,1
2017-04-17,SAS,96,2017,1
2017-04-20,SAS,94,2017,1
2017-04-22,SAS,108,2017,1
2017-04-25,SAS,116,2017,1
2017-04-27,SAS,103,2017,1
2017-05-01,SAS,99,2017,1
2017-05-03,SAS,121,2017,1
2017-05-05,SAS,103,2017,1
2017-05-07,SAS,104,2017,1
2017-05-09,SAS,110,2017,1
2017-05-11,SAS,114,2017,1
2017-05-14,SAS,111,2017,1
2017-05-16,SAS,100,2017,1
2017-05-20,SAS,108,2017,1
2017-05-22,SAS,115,2017,1
2017-10-18,SAS,107,2018,0
2017-10-21,SAS,87,2018,0
2017-10-23,SAS,101,2018,0
2017-10-25,SAS,117,2018,0
2017-10-27,SAS,87,2018,0
2017-10-29,SAS,94,2018,0
2017-10-30,SAS,94,2018,0
2017-11-02,SAS,92,2018,0
2017-11-03,SAS,108,2018,0
2017-11-05,SAS,112,2018,0
2017-11-07,SAS,120,2018,0
2017-11-10,SAS,87,2018,0
2017-11-11,SAS,133,2018,0
2017-11-14,SAS,97,2018,0
2017-11-15,SAS,86,2018,0
2017-11-17,SAS,104,2018,0
2017-11-20,SAS,96,2018,0
2017-11-22,SAS,90,2018,0
2017-11-25,SAS,106,2018,0
2017-11-27,SAS,115,2018,0
2017-11-29,SAS,104,2018,0
2017-12-01,SAS,95,2018,0
2017-12-03,SAS,87,2018,0
2017-12-04,SAS,96,2018,0
2017-12-06,SAS,117,2018,0
2017-12-08,SAS,105,2018,0
2017-12-09,SAS,104,2018,0
2017-12-12,SAS,89,2018,0
2017-12-15,SAS,109,2018,0
2017-12-16,SAS,98,2018,0
2017-12-18,SAS,109,2018,0
2017-12-20,SAS,93,2018,0
2017-12-21,SAS,89,2018,0
2017-12-23,SAS,108,2018,0
2017-12-26,SAS,109,2018,0
2017-12-28,SAS,119,2018,0
2017-12-30,SAS,79,2018,0
2018-01-02,SAS,100,2018,0
2018-01-03,SAS,106,2018,0
2018-01-05,SAS,103,2018,0
2018-01-07,SAS,110,2018,0
2018-01-08,SAS,107,2018,0
2018-01-11,SAS,81,2018,0
2018-01-13,SAS,112,2018,0
2018-01-15,SAS,99,2018,0
2018-01-17,SAS,100,2018,0
2018-01-19,SAS,83,2018,0
2018-01-21,SAS,86,2018,0
2018-01-23,SAS,114,2018,0
2018-01-24,SAS,108,2018,0
2018-01-26,SAS,78,2018,0
2018-01-28,SAS,113,2018,0
2018-01-30,SAS,106,2018,0
2018-02-01,SAS,91,2018,0
2018-02-03,SAS,111,2018,0
2018-02-07,SAS,129,2018,0
2018-02-10,SAS,105,2018,0
2018-02-12,SAS,99,2018,0
2018-02-13,SAS,109,2018,0
2018-02-23,SAS,119,2018,0
2018-02-25,SAS,110,2018,0
2018-02-28,SAS,116,2018,0
2018-03-03,SAS,112,2018,0
2018-03-05,SAS,100,2018,0
2018-03-08,SAS,107,2018,0
2018-03-10,SAS,94,2018,0
2018-03-12,SAS,93,2018,0
2018-03-13,SAS,108,2018,0
2018-03-15,SAS,98,2018,0
2018-03-17,SAS,117,2018,0
2018-03-19,SAS,89,2018,0
2018-03-21,SAS,98,2018,0
2018-03-23,SAS,124,2018,0
2018-03-25,SAS,103,2018,0
2018-03-27,SAS,106,2018,0
2018-03-29,SAS,103,2018,0
2018-04-01,SAS,100,2018,0
2018-04-03,SAS,110,2018,0
2018-04-04,SAS,112,2018,0
2018-04-07,SAS,116,2018,0
2018-04-09,SAS,98,2018,0
2018-04-11,SAS,98,2018,0
2018-04-14,SAS,92,2018,1
2018-04-16,SAS,101,2018,1
2018-04-19,SAS,97,2018,1
2018-04-22,SAS,103,2018,1
2018-04-24,SAS,91,2018,1
2018-10-17,SAS,112,2019,0
2018-10-20,SAS,108,2019,0
2018-10-22,SAS,143,2019,0
2018-10-24,SAS,96,2019,0
2018-10-27,SAS,110,2019,0
2018-10-29,SAS,113,2019,0
2018-10-31,SAS,120,2019,0
2018-11-03,SAS,109,2019,0
2018-11-04,SAS,110,2019,0
2018-11-07,SAS,88,2019,0
2018-11-10,SAS,96,2019,0
2018-11-12,SAS,99,2019,0
2018-11-14,SAS,96,2019,0
2018-11-15,SAS,111,2019,0
2018-11-18,SAS,104,2019,0
2018-11-19,SAS,126,2019,0
2018-11-21,SAS,103,2019,0
2018-11-23,SAS,111,2019,0
2018-11-24,SAS,129,2019,0
2018-11-26,SAS,108,2019,0
2018-11-28,SAS,89,2019,0
2018-11-30,SAS,105,2019,0
2018-12-02,SAS,131,2019,0
2018-12-04,SAS,105,2019,0
2018-12-05,SAS,113,2019,0
2018-12-07,SAS,133,2019,0
2018-12-09,SAS,110,2019,0
2018-12-11,SAS,111,2019,0
2018-12-13,SAS,125,2019,0
2018-12-15,SAS,93,2019,0
2018-12-17,SAS,123,2019,0
2018-12-19,SAS,129,2019,0
2018-12-21,SAS,124,2019,0
2018-12-22,SAS,101,2019,0
2018-12-26,SAS,111,2019,0
2018-12-28,SAS,99,2019,0
2018-12-29,SAS,122,2019,0
2018-12-31,SAS,120,2019,0
2019-01-03,SAS,125,2019,0
2019-01-05,SAS,108,2019,0
2019-01-07,SAS,119,2019,0
2019-01-09,SAS,86,2019,0
2019-01-10,SAS,154,2019,0
2019-01-12,SAS,112,2019,0
2019-01-14,SAS,93,2019,0
2019-01-16,SAS,105,2019,0
2019-01-18,SAS,116,2019,0
2019-01-20,SAS,95,2019,0
2019-01-23,SAS,120,2019,0
2019-01-26,SAS,126,2019,0
2019-01-27,SAS,132,2019,0
2019-01-29,SAS,126,2019,0
2019-01-31,SAS,117,2019,0
2019-02-02,SAS,113,2019,0
2019-02-04,SAS,112,2019,0
2019-02-06,SAS,102,2019,0
2019-02-07,SAS,118,2019,0
2019-02-09,SAS,105,2019,0
2019-02-12,SAS,108,2019,0
2019-02-22,SAS,117,2019,0
2019-02-24,SAS,118,2019,0
2019-02-25,SAS,85,2019,0
2019-02-27,SAS,105,2019,0
2019-03-02,SAS,116,2019,0
2019-03-04,SAS,104,2019,0
2019-03-06,SAS,111,2019,0
2019-03-10,SAS,121,2019,0
2019-03-12,SAS,112,2019,0
2019-03-15,SAS,109,2019,0
2019-03-16,SAS,108,2019,0
2019-03-18,SAS,111,2019,0
2019-03-20,SAS,105,2019,0
2019-03-22,SAS,105,2019,0
2019-03-24,SAS,115,2019,0
2019-03-26,SAS,116,2019,0
2019-03-28,SAS,116,2019,0
2019-03-31,SAS,106,2019,0
2019-04-02,SAS,117,2019,0
2019-04-03,SAS,85,2019,0
2019-04-05,SAS,129,2019,0
2019-04-07,SAS,112,2019,0
2019-04-10,SAS,105,2019,0
2019-04-13,SAS,101,2019,1
2019-04-16,SAS,105,2019,1
2019-04-18,SAS,118,2019,1
2019-04-20,SAS,103,2019,1
2019-04-23,SAS,90,2019,1
2019-04-25,SAS,120,2019,1
2019-04-27,SAS,86,2019,1
2019-10-23,SAS,120,2020,0
2019-10-26,SAS,124,2020,0
2019-10-28,SAS,113,2020,0
2019-10-31,SAS,97,2020,0
2019-11-01,SAS,127,2020,0
2019-11-03,SAS,96,2020,0
2019-11-05,SAS,100,2020,0
2019-11-07,SAS,121,2020,0
2019-11-09,SAS,115,2020,0
2019-11-11,SAS,109,2020,0
2019-11-13,SAS,114,2020,0
2019-11-15,SAS,109,2020,0
2019-11-16,SAS,116,2020,0
2019-11-18,SAS,110,2020,0
2019-11-20,SAS,132,2020,0
2019-11-22,SAS,104,2020,0
2019-11-23,SAS,111,2020,0
2019-11-25,SAS,104,2020,0
2019-11-27,SAS,101,2020,0
2019-11-29,SAS,107,2020,0
2019-12-01,SAS,98,2020,0
2019-12-03,SAS,135,2020,0
2019-12-06,SAS,105,2020,0
2019-12-12,SAS,109,2020,0
2019-12-14,SAS,121,2020,0
2019-12-16,SAS,107,2020,0
2019-12-19,SAS,118,2020,0
2019-12-21,SAS,109,2020,0
2019-12-23,SAS,145,2020,0
2019-12-26,SAS,98,2020,0
2019-12-28,SAS,136,2020,0
2019-12-31,SAS,117,2020,0
2020-01-02,SAS,103,2020,0
2020-01-04,SAS,118,2020,0
2020-01-06,SAS,126,2020,0
2020-01-08,SAS,129,2020,0
2020-01-10,SAS,121,2020,0
2020-01-12,SAS,105,2020,0
2020-01-15,SAS,100,2020,0
2020-01-17,SAS,120,2020,0
2020-01-19,SAS,107,2020,0
2020-01-20,SAS,120,2020,0
2020-01-22,SAS,121,2020,0
2020-01-24,SAS,99,2020,0
2020-01-26,SAS,106,2020,0
2020-01-27,SAS,109,2020,0
2020-01-29,SAS,127,2020,0
2020-02-01,SAS,114,2020,0
2020-02-03,SAS,105,2020,0
2020-02-04,SAS,102,2020,0
2020-02-06,SAS,117,2020,0
2020-02-08,SAS,102,2020,0
2020-02-10,SAS,120,2020,0
2020-02-11,SAS,114,2020,0
2020-02-21,SAS,113,2020,0
2020-02-23,SAS,103,2020,0
2020-02-26,SAS,103,2020,0
2020-02-29,SAS,114,2020,0
2020-03-02,SAS,111,2020,0
2020-03-03,SAS,104,2020,0
2020-03-06,SAS,120,2020,0
2020-03-08,SAS,129,2020,0
2020-03-10,SAS,119,2020,0
2020-07-31,SAS,129,2020,0
2020-08-02,SAS,108,2020,0
2020-08-03,SAS,130,2020,0
2020-08-05,SAS,126,2020,0
2020-08-07,SAS,119,2020,0
2020-08-09,SAS,122,2020,0
2020-08-11,SAS,123,2020,0
2020-08-13,SAS,112,2020,0
2020-12-23,SAS,131,2021,0
2020-12-26,SAS,119,2021,0
2020-12-27,SAS,95,2021,0
2020-12-30,SAS,107,2021,0
2021-01-01,SAS,103,2021,0
2021-01-03,SAS,109,2021,0
2021-01-05,SAS,116,2021,0
2021-01-07,SAS,118,2021,0
2021-01-09,SAS,125,2021,0
2021-01-10,SAS,88,2021,0
2021-01-12,SAS,112,2021,0
2021-01-14,SAS,105,2021,0
2021-01-16,SAS,103,2021,0
2021-01-18,SAS,125,2021,0
2021-01-20,SAS,99,2021,0
2021-01-22,SAS,117,2021,0
2021-01-24,SAS,121,2021,0
2021-01-27,SAS,110,2021,0
2021-01-29,SAS,119,2021,0
2021-01-30,SAS,112,2021,0
2021-02-01,SAS,102,2021,0
2021-02-03,SAS,111,2021,0
2021-02-06,SAS,111,2021,0
2021-02-08,SAS,105,2021,0
2021-02-09,SAS,91,2021,0
2021-02-12,SAS,125,2021,0
2021-02-14,SAS,122,2021,0
2021-02-24,SAS,99,2021,0
2021-02-27,SAS,117,2021,0
2021-03-01,SAS,113,2021,0
2021-03-02,SAS,119,2021,0
2021-03-04,SAS,102,2021,0
2021-03-10,SAS,104,2021,0
2021-03-12,SAS,104,2021,0
2021-03-14,SAS,99,2021,0
2021-03-15,SAS,109,2021,0
2021-03-17,SAS,106,2021,0
2021-03-19,SAS,116,2021,0
2021-03-20,SAS,113,2021,0
2021-03-22,SAS,97,2021,0
2021-03-24,SAS,101,2021,0
2021-03-25,SAS,85,2021,0
2021-03-27,SAS,120,2021,0
2021-03-29,SAS,115,2021,0
2021-03-31,SAS,120,2021,0
2021-04-01,SAS,129,2021,0
2021-04-03,SAS,133,2021,0
2021-04-05,SAS,101,2021,0
2021-04-07,SAS,96,2021,0
2021-04-09,SAS,119,2021,0
2021-04-11,SAS,119,2021,0
2021-04-12,SAS,120,2021,0
2021-04-14,SAS,112,2021,0
2021-04-16,SAS,106,2021,0
2021-04-17,SAS,111,2021,0
2021-04-19,SAS,109,2021,0
2021-04-21,SAS,87,2021,0
2021-04-22,SAS,106,2021,0
2021-04-24,SAS,110,2021,0
2021-04-26,SAS,146,2021,0
2021-04-28,SAS,111,2021,0
2021-04-30,SAS,140,2021,0
2021-05-02,SAS,111,2021,0
2021-05-03,SAS,99,2021,0
2021-05-05,SAS,94,2021,0
2021-05-07,SAS,113,2021,0
2021-05-08,SAS,102,2021,0
2021-05-10,SAS,146,2021,0
2021-05-12,SAS,116,2021,0
2021-05-13,SAS,98,2021,0
2021-05-15,SAS,103,2021,0
2021-05-16,SAS,121,2021,0
2021-10-20,SAS,123,2022,0
2021-10-22,SAS,96,2022,0
2021-10-23,SAS,111,2022,0
2021-10-26,SAS,121,2022,0
2021-10-28,SAS,99,2022,0
2021-10-30,SAS,102,2022,0
2021-11-01,SAS,118,2022,0
2021-11-03,SAS,108,2022,0
2021-11-05,SAS,102,2022,0
2021-11-07,SAS,94,2022,0
2021-11-10,SAS,136,2022,0
2021-11-12,SAS,109,2022,0
2021-11-14,SAS,106,2022,0
2021-11-16,SAS,92,2022,0
2021-11-18,SAS,90,2022,0
2021-11-22,SAS,111,2022,0
2021-11-24,SAS,106,2022,0
2021-11-26,SAS,96,2022,0
2021-11-29,SAS,116,2022,0
2021-12-02,SAS,114,2022,0
2021-12-04,SAS,112,2022,0
2021-12-06,SAS,104,2022,0
2021-12-07,SAS,109,2022,0
2021-12-09,SAS,123,2022,0
2021-12-11,SAS,112,2022,0
2021-12-12,SAS,112,2022,0
2021-12-15,SAS,115,2022,0
2021-12-17,SAS,128,2022,0
2021-12-19,SAS,114,2022,0
2021-12-20,SAS,116,2022,0
2021-12-23,SAS,138,2022,0
2021-12-26,SAS,144,2022,0
2021-12-27,SAS,104,2022,0
2021-12-31,SAS,105,2022,0
2022-01-01,SAS,116,2022,0
2022-01-04,SAS,104,2022,0
2022-01-05,SAS,99,2022,0
2022-01-07,SAS,100,2022,0
2022-01-09,SAS,119,2022,0
2022-01-10,SAS,96,2022,0
2022-01-12,SAS,124,2022,0
2022-01-14,SAS,109,2022,0
2022-01-15,SAS,101,2022,0
2022-01-17,SAS,107,2022,0
2022-01-19,SAS,118,2022,0
2022-01-21,SAS,102,2022,0
2022-01-23,SAS,109,2022,0
2022-01-25,SAS,134,2022,0
2022-01-26,SAS,110,2022,0
2022-01-28,SAS,131,2022,0
2022-01-30,SAS,110,2022,0
2022-02-01,SAS,120,2022,0
2022-02-03,SAS,95,2022,0
2022-02-04,SAS,131,2022,0
2022-02-09,SAS,92,2022,0
2022-02-11,SAS,136,2022,0
2022-02-12,SAS,124,2022,0
2022-02-14,SAS,109,2022,0
2022-02-16,SAS,114,2022,0
2022-02-25,SAS,157,2022,0
2022-02-26,SAS,129,2022,0
2022-02-28,SAS,105,2022,0
2022-03-03,SAS,112,2022,0
2022-03-05,SAS,117,2022,0
2022-03-07,SAS,117,2022,0
2022-03-09,SAS,104,2022,0
2022-03-11,SAS,104,2022,0
2022-03-12,SAS,108,2022,0
2022-03-14,SAS,139,2022,0
2022-03-16,SAS,122,2022,0
2022-03-18,SAS,91,2022,0
2022-03-20,SAS,110,2022,0
2022-03-23,SAS,133,2022,0
2022-03-26,SAS,107,2022,0
2022-03-28,SAS,123,2022,0
2022-03-30,SAS,111,2022,0
2022-04-01,SAS,130,2022,0
2022-04-03,SAS,113,2022,0
2022-04-05,SAS,116,2022,0
2022-04-07,SAS,121,2022,0
2022-04-09,SAS,94,2022,0
2022-04-10,SAS,120,2022,0
2022-10-19,SAS,102,2023,0
2022-10-21,SAS,137,2023,0
2022-10-22,SAS,114,2023,0
2022-10-24,SAS,115,2023,0
2022-10-26,SAS,122,2023,0
2022-10-28,SAS,129,2023,0
2022-10-30,SAS,107,2023,0
2022-11-02,SAS,100,2023,0
2022-11-04,SAS,106,2023,0
2022-11-05,SAS,101,2023,0
2022-11-07,SAS,109,2023,0
2022-11-09,SAS,122,2023,0
2022-11-11,SAS,111,2023,0
2022-11-14,SAS,95,2023,0
2022-11-15,SAS,110,2023,0
2022-11-17,SAS,112,2023,0
2022-11-19,SAS,97,2023,0
2022-11-20,SAS,92,2023,0
2022-11-23,SAS,110,2023,0
2022-11-25,SAS,94,2023,0
2022-11-26,SAS,138,2023,0
2022-11-30,SAS,111,2023,0
2022-12-02,SAS,99,2023,0
2022-12-04,SAS,95,2023,0
2022-12-08,SAS,118,2023,0
2022-12-10,SAS,115,2023,0
2022-12-12,SAS,112,2023,0
2022-12-14,SAS,112,2023,0
2022-12-17,SAS,101,2023,0
2022-12-19,SAS,124,2023,0
2022-12-22,SAS,117,2023,0
2022-12-23,SAS,113,2023,0
2022-12-26,SAS,126,2023,0
2022-12-27,SAS,114,2023,0
2022-12-29,SAS,122,2023,0
2022-12-31,SAS,125,2023,0
2023-01-02,SAS,103,2023,0
2023-01-04,SAS,114,2023,0
2023-01-06,SAS,121,2023,0
2023-01-07,SAS,116,2023,0
2023-01-09,SAS,113,2023,0
2023-01-11,SAS,129,2023,0
2023-01-13,SAS,113,2023,0
2023-01-15,SAS,119,2023,0
2023-01-17,SAS,106,2023,0
2023-01-20,SAS,126,2023,0
2023-01-23,SAS,127,2023,0
2023-01-25,SAS,104,2023,0
2023-01-26,SAS,100,2023,0
2023-01-28,SAS,118,2023,0
2023-01-30,SAS,106,2023,0
2023-02-01,SAS,109,2023,0
2023-02-03,SAS,125,2023,0
2023-02-06,SAS,104,2023,0
2023-02-08,SAS,98,2023,0
2023-02-10,SAS,131,2023,0
2023-02-11,SAS,106,2023,0
2023-02-13,SAS,109,2023,0
2023-02-15,SAS,110,2023,0
2023-02-23,SAS,116,2023,0
2023-02-25,SAS,102,2023,0
2023-02-28,SAS,102,2023,0
2023-03-02,SAS,110,2023,0
2023-03-04,SAS,110,2023,0
2023-03-05,SAS,110,2023,0
2023-03-10,SAS,128,2023,0
2023-03-12,SAS,90,2023,0
2023-03-14,SAS,132,2023,0
2023-03-15,SAS,128,2023,0
2023-03-17,SAS,120,2023,0
2023-03-19,SAS,126,2023,0
2023-03-21,SAS,84,2023,0
2023-03-22,SAS,94,2023,0
2023-03-24,SAS,124,2023,0
2023-03-26,SAS,93,2023,0
2023-03-29,SAS,117,2023,0
2023-03-31,SAS,115,2023,0
2023-04-02,SAS,142,2023,0
2023-04-04,SAS,94,2023,0
2023-04-06,SAS,129,2023,0
2023-04-08,SAS,131,2023,0
2023-04-09,SAS,138,2023,0
